{
    "Wtot": 57.42540226628565,
    "Wg": 6.146880176604809,
    "Wcp": 11.947359875492499,
    "Wcs": 3.0210434924438365,
    "Tdrift": 404.2524617614332,
    "TPc": 0.23828653267171798,
    "TNb": 2.203726441600162,
    "TNa": 0.983763768418527,
    "TPb": 4.623043831104822,
    "TPa": 0.3706703482383418,
    "Tox": -0.15034328750657572,
    "Tpoly": -2.010736424301268,
    "Tcathode": -2.4626920426832544,
    "Pc": 7.365409491901813e+18,
    "Nb": 1.3924904389323208e+18,
    "Na": 1045861340633286.0,
    "Ndrift": 37655595602887.4,
    "Npoly": 1.0929381508570123e+21,
    "Pb": 1.3562718065453275e+17,
    "Pa": 3.0142270509260896e+16,
    "x": 11.623145238269489,
    "Length": 42.58704271969227,
    "angle": 76.61328060384682,
    "Vanode": 563.4150556191528
}