{
    "Wtot": 55.088866131658676,
    "Wg": 7.113090317676699,
    "Wcp": 12.791389975991848,
    "Wcs": 3.2864564506080374,
    "Tdrift": 376.87893570888195,
    "TPc": 0.22608859094548542,
    "TNb": 1.9635309696820389,
    "TNa": 1.1164800167115028,
    "TPb": 4.733044732011241,
    "TPa": 0.42828894778275095,
    "Tox": -0.1637826254113341,
    "Tpoly": -2.007509459327889,
    "Tcathode": -2.8484268597979154,
    "Pc": 8.07305345267413e+18,
    "Nb": 1.3317077560930237e+18,
    "Na": 1031886372389523.6,
    "Ndrift": 40998849157613.375,
    "Npoly": 1.0641844537713902e+21,
    "Pb": 1.2377778700570605e+17,
    "Pa": 3.508440982760075e+16,
    "x": 10.618816124046194,
    "Length": 40.15269053777227,
    "angle": 80.40546990561567,
    "Vanode": 625.9028221152737
}