{
    "Wtot": 52.847399441788944,
    "Wg": 8.231176208704365,
    "Wcp": 13.695047209010262,
    "Wcs": 3.575187192358494,
    "Tdrift": 351.3589788969106,
    "TPc": 0.2145150646265707,
    "TNb": 1.7495156368414673,
    "TNa": 1.2671005659417631,
    "TPb": 4.845662999017201,
    "TPa": 0.4948640312467324,
    "Tox": -0.17842331926828542,
    "Tpoly": -2.004287673204813,
    "Tcathode": -3.2945798479853843,
    "Pc": 8.848685483324723e+18,
    "Nb": 1.273578258101427e+18,
    "Na": 1018098139929776.4,
    "Ndrift": 44638933612295.445,
    "Npoly": 1.0361872268441605e+21,
    "Pb": 1.12963644028369e+17,
    "Pa": 4.083686438196029e+16,
    "x": 9.70126876716991,
    "Length": 37.85749031774416,
    "angle": 84.38536425782885,
    "Vanode": 695.321040545063
}