{
    "Wtot": 55.85695255519989,
    "Wg": 6.775226177874077,
    "Wcp": 12.503621203801318,
    "Wcs": 3.1954908651010534,
    "Tdrift": 385.791037660874,
    "TPc": 0.23008356475870897,
    "TNb": 2.040536642368537,
    "TNa": 1.0703625628066245,
    "TPb": 4.696089980008876,
    "TPa": 0.40815068236961166,
    "Tox": -0.15917440429356253,
    "Tpoly": -2.008584538480381,
    "Tcathode": -2.71356409368785,
    "Pc": 7.829923478280169e+18,
    "Nb": 1.351667982923887e+18,
    "Na": 1036523822528470.5,
    "Ndrift": 39852687880858.41,
    "Npoly": 1.0736839690749917e+21,
    "Pb": 1.2760784872168067e+17,
    "Pa": 3.3352989851012332e+16,
    "x": 10.943559964286791,
    "Length": 40.94827351880265,
    "angle": 79.12099667696066,
    "Vanode": 604.3391867808365
}