{
    "Wtot": 54.33134162972328,
    "Wg": 7.467802924817186,
    "Wcp": 13.085781698837895,
    "Wcs": 3.3800115405435895,
    "Tdrift": 368.17271091174626,
    "TPc": 0.2221629824334518,
    "TNb": 1.8894313333306771,
    "TNa": 1.1645844791577595,
    "TPb": 4.770290290557215,
    "TPa": 0.449420840675564,
    "Tox": -0.1685242580657439,
    "Tpoly": -2.006434955603098,
    "Tcathode": -2.989992237327835,
    "Pc": 8.323732949692773e+18,
    "Nb": 1.3120422840837384e+18,
    "Na": 1027269670392900.0,
    "Ndrift": 42177973974400.07,
    "Npoly": 1.0547689862822319e+21,
    "Pb": 1.2006268195497674e+17,
    "Pa": 3.690571125555892e+16,
    "x": 10.30370887026543,
    "Length": 39.372564918562404,
    "angle": 81.71079564554363,
    "Vanode": 648.2358769727332
}