{
    "Wtot": 53.58423381288831,
    "Wg": 7.840204191604202,
    "Wcp": 13.38694879845245,
    "Wcs": 3.4762298499632247,
    "Tdrift": 359.6676073316287,
    "TPc": 0.21830553482297146,
    "TNb": 1.818128065456403,
    "TNa": 1.21476156204738,
    "TPb": 4.807828944079033,
    "TPa": 0.47159538689750247,
    "Tox": -0.1734031646231266,
    "Tpoly": -2.0053610269980156,
    "Tcathode": -3.138593342682836,
    "Pc": 8.582196392475421e+18,
    "Nb": 1.2926672142198026e+18,
    "Na": 1022673623710559.0,
    "Ndrift": 43391010360953.45,
    "Npoly": 1.0454368229869331e+21,
    "Pb": 1.1645908322433795e+17,
    "Pa": 3.8821560059624664e+16,
    "x": 9.997952242790399,
    "Length": 38.607596340477215,
    "angle": 83.03731242246593,
    "Vanode": 671.3658052770653
}