{
    "Wtot": 50.69713399228942,
    "Wg": 9.525010755222667,
    "Wcp": 14.662543977553678,
    "Wcs": 3.889284295259529,
    "Tdrift": 327.5670788532484,
    "TPc": 0.20353398974845824,
    "TNb": 1.558826935155727,
    "TNa": 1.4380408248944123,
    "TPb": 4.960960909842635,
    "TPa": 0.5717878331662841,
    "Tox": -0.19437275949607208,
    "Tpoly": -2.0010710576206723,
    "Tcathode": -3.8106143878735454,
    "Pc": 9.698837650686648e+18,
    "Nb": 1.217986132533543e+18,
    "Na": 1004494148060321.8,
    "Ndrift": 48602203110203.484,
    "Npoly": 1.008926568387591e+21,
    "Pb": 1.0309430456677826e+17,
    "Pa": 4.75324937983903e+16,
    "x": 8.863004556576215,
    "Length": 35.6934878824588,
    "angle": 88.56225464866193,
    "Vanode": 772.4383599849425
}