{
    "Wtot": 56.635748161838436,
    "Wg": 6.453410221331675,
    "Wcp": 12.222326385293966,
    "Wcs": 3.107043109320703,
    "Tdrift": 394.91388516980015,
    "TPc": 0.23414912955443898,
    "TNb": 2.120562320197536,
    "TNa": 1.026150041836357,
    "TPb": 4.659423763985543,
    "TPa": 0.3889593237957676,
    "Tox": -0.15469584101841585,
    "Tpoly": -2.0096601933687332,
    "Tcathode": -2.5850865944559893,
    "Pc": 7.594115663313907e+18,
    "Nb": 1.3719273824924e+18,
    "Na": 1041182114054964.1,
    "Ndrift": 38738568617460.5,
    "Npoly": 1.0832682824515998e+21,
    "Pb": 1.3155642421224314e+17,
    "Pa": 3.170701566502037e+16,
    "x": 11.278235096353358,
    "Length": 41.75962013288545,
    "angle": 77.85704284178804,
    "Vanode": 583.5184628895289
}