{
    "Wtot": 52.1206972467384,
    "Wg": 8.641645054512008,
    "Wcp": 14.010236453485302,
    "Wcs": 3.6769615393928663,
    "Tdrift": 343.24228686418985,
    "TPc": 0.21079040890583794,
    "TNb": 1.6834925007246142,
    "TNa": 1.3216946389906554,
    "TPb": 4.883794779962204,
    "TPa": 0.51928075682172,
    "Tox": -0.1835888112417224,
    "Tpoly": -2.0032148939158265,
    "Tcathode": -3.458318803885978,
    "Pc": 9.123449429734772e+18,
    "Nb": 1.254771190656084e+18,
    "Na": 1013543127051286.4,
    "Ndrift": 45922747072883.21,
    "Npoly": 1.0270194673336197e+21,
    "Pb": 1.0957311803310917e+17,
    "Pa": 4.295678715614037e+16,
    "x": 9.41338920284733,
    "Length": 37.121958086147394,
    "angle": 85.75530075802268,
    "Vanode": 720.1310308396567
}