{
    "Wtot": 51.40398790064295,
    "Wg": 9.072582988710748,
    "Wcp": 14.332679726246377,
    "Wcs": 3.7816330823381024,
    "Tdrift": 335.3130973389071,
    "TPc": 0.2071304249146275,
    "TNb": 1.6199609425113313,
    "TNa": 1.3786409427086679,
    "TPb": 4.922226629797333,
    "TPa": 0.5449022102616573,
    "Tox": -0.1889038481705894,
    "Tpoly": -2.002142688823558,
    "Tcathode": -3.630195503267219,
    "Pc": 9.40674517743769e+18,
    "Nb": 1.2362418492033477e+18,
    "Na": 1009008493487431.6,
    "Ndrift": 47243482943309.47,
    "Npoly": 1.0179328203983604e+21,
    "Pb": 1.0628435634107637e+17,
    "Pa": 4.518675933388026e+16,
    "x": 9.134052298824505,
    "Length": 36.400716491863804,
    "angle": 87.14747720504936,
    "Vanode": 745.8262749702845
}